reg_no,student_name,programme,award,class_of_award,graduation_year,serial_no
P15/12345/2020,John Mwangi Kamau,Bachelor of Science (Computer Science),Bachelor of Science in Computer Science,First Class Honours,2024,UON-2024-00101
ENG/0987/2019,Amina Fatuma Hassan,Bachelor of Science (Civil Engineering),Bachelor of Science in Civil Engineering,Second Class Honours (Upper Division),2024,UON-2024-00102
B02/54321/2020,Brian Kiprop Korir,Bachelor of Commerce,Bachelor of Commerce (Accounting Option),Second Class Honours (Upper Division),2024,UON-2024-00103
MED/11223/2018,Faith Chebet Cheruiyot,Bachelor of Medicine and Bachelor of Surgery,Bachelor of Medicine and Bachelor of Surgery,Pass,2024,UON-2024-00104
A22/33445/2020,David Ochieng Otieno,Bachelor of Science (Agriculture),Bachelor of Science in Agriculture,Second Class Honours (Lower Division),2024,UON-2024-00105
LAW/77889/2020,Esther Wanjiku Njeri,Bachelor of Laws,Bachelor of Laws (LL.B),First Class Honours,2024,UON-2024-00106
EDU/44556/2020,Kelvin Mutua Musyoka,Bachelor of Education (Arts),Bachelor of Education (Arts),Second Class Honours (Upper Division),2024,UON-2024-00107
N11/66778/2020,Grace Nyambura Kariuki,Bachelor of Science (Nursing),Bachelor of Science in Nursing,Pass with Distinction,2024,UON-2024-00108
V10/88990/2019,Samuel Kimutai Tanui,Bachelor of Veterinary Medicine,Bachelor of Veterinary Medicine,Pass,2024,UON-2024-00109
C01/99001/2020,Mercy Atieno Onyango,Bachelor of Arts (Communication),Bachelor of Arts in Journalism and Media,First Class Honours,2024,UON-2024-00110
